Processes,Width,Height,NumSamples,RenderType,MinTime,MaxTime,AvgTime
4,256,256,10,row,10.3017,17.6532,13.9136
4,256,256,10,row,10.1544,18.3957,14.5485
4,256,256,10,row,9.76856,17.6849,14.1893
4,256,256,10,row,10.3273,17.6633,14.5529
4,256,256,10,row,9.86242,19.4982,14.3569
4,256,256,10,row,9.94114,17.6623,14.09
4,256,256,10,row,10.1141,18.1629,14.0345
4,256,256,10,row,10.2386,18.6738,14.3634
4,256,256,10,row,10.2045,19.532,14.7418
